matriz,linhas,colunas,versao,trabalhadores,repeticao,tempo_ms,objetos,resultado_correto
matriz_grande,4000,4000,sequencial,1,1,231.614,489760,true
matriz_grande,4000,4000,paralela,2,1,162.988,489760,true
matriz_grande,4000,4000,paralela,4,1,92.138,489760,true
matriz_grande,4000,4000,paralela,8,1,59.428,489760,true
matriz_grande,4000,4000,paralela,16,1,57.018,489760,true
matriz_grande,4000,4000,sequencial,1,2,225.363,489760,true
matriz_grande,4000,4000,paralela,2,2,158.171,489760,true
matriz_grande,4000,4000,paralela,4,2,100.354,489760,true
matriz_grande,4000,4000,paralela,8,2,89.308,489760,true
matriz_grande,4000,4000,paralela,16,2,48.838,489760,true
matriz_grande,4000,4000,sequencial,1,3,230.692,489760,true
matriz_grande,4000,4000,paralela,2,3,160.515,489760,true
matriz_grande,4000,4000,paralela,4,3,89.646,489760,true
matriz_grande,4000,4000,paralela,8,3,54.022,489760,true
matriz_grande,4000,4000,paralela,16,3,60.402,489760,true
matriz_grande,4000,4000,sequencial,1,4,227.569,489760,true
matriz_grande,4000,4000,paralela,2,4,154.413,489760,true
matriz_grande,4000,4000,paralela,4,4,90.317,489760,true
matriz_grande,4000,4000,paralela,8,4,76.683,489760,true
matriz_grande,4000,4000,paralela,16,4,50.935,489760,true
matriz_grande,4000,4000,sequencial,1,5,222.410,489760,true
matriz_grande,4000,4000,paralela,2,5,158.927,489760,true
matriz_grande,4000,4000,paralela,4,5,91.949,489760,true
matriz_grande,4000,4000,paralela,8,5,68.145,489760,true
matriz_grande,4000,4000,paralela,16,5,55.099,489760,true
escala_12,12,12,sequencial,1,1,0.003,9,true
escala_12,12,12,paralela,4,1,0.211,9,true
escala_12,12,12,sequencial,1,2,0.003,9,true
escala_12,12,12,paralela,4,2,0.201,9,true
escala_12,12,12,sequencial,1,3,0.003,9,true
escala_12,12,12,paralela,4,3,0.526,9,true
escala_12,12,12,sequencial,1,4,0.003,9,true
escala_12,12,12,paralela,4,4,0.208,9,true
escala_12,12,12,sequencial,1,5,0.003,9,true
escala_12,12,12,paralela,4,5,0.238,9,true
escala_100,100,100,sequencial,1,1,0.176,308,true
escala_100,100,100,paralela,4,1,0.284,308,true
escala_100,100,100,sequencial,1,2,0.182,308,true
escala_100,100,100,paralela,4,2,0.264,308,true
escala_100,100,100,sequencial,1,3,0.165,308,true
escala_100,100,100,paralela,4,3,0.422,308,true
escala_100,100,100,sequencial,1,4,0.171,308,true
escala_100,100,100,paralela,4,4,0.377,308,true
escala_100,100,100,sequencial,1,5,0.198,308,true
escala_100,100,100,paralela,4,5,0.353,308,true
escala_316,316,316,sequencial,1,1,1.512,3135,true
escala_316,316,316,paralela,4,1,1.632,3135,true
escala_316,316,316,sequencial,1,2,1.596,3135,true
escala_316,316,316,paralela,4,2,0.924,3135,true
escala_316,316,316,sequencial,1,3,1.743,3135,true
escala_316,316,316,paralela,4,3,0.887,3135,true
escala_316,316,316,sequencial,1,4,1.475,3135,true
escala_316,316,316,paralela,4,4,0.877,3135,true
escala_316,316,316,sequencial,1,5,1.375,3135,true
escala_316,316,316,paralela,4,5,1.075,3135,true
escala_1000,1000,1000,sequencial,1,1,14.588,30848,true
escala_1000,1000,1000,paralela,4,1,6.122,30848,true
escala_1000,1000,1000,sequencial,1,2,15.159,30848,true
escala_1000,1000,1000,paralela,4,2,5.881,30848,true
escala_1000,1000,1000,sequencial,1,3,14.890,30848,true
escala_1000,1000,1000,paralela,4,3,5.909,30848,true
escala_1000,1000,1000,sequencial,1,4,14.257,30848,true
escala_1000,1000,1000,paralela,4,4,5.861,30848,true
escala_1000,1000,1000,sequencial,1,5,15.683,30848,true
escala_1000,1000,1000,paralela,4,5,6.063,30848,true
escala_2000,2000,2000,sequencial,1,1,56.038,123036,true
escala_2000,2000,2000,paralela,4,1,24.681,123036,true
escala_2000,2000,2000,sequencial,1,2,55.306,123036,true
escala_2000,2000,2000,paralela,4,2,23.335,123036,true
escala_2000,2000,2000,sequencial,1,3,56.726,123036,true
escala_2000,2000,2000,paralela,4,3,23.027,123036,true
escala_2000,2000,2000,sequencial,1,4,55.267,123036,true
escala_2000,2000,2000,paralela,4,4,23.101,123036,true
escala_2000,2000,2000,sequencial,1,5,54.967,123036,true
escala_2000,2000,2000,paralela,4,5,23.436,123036,true
escala_4000,4000,4000,sequencial,1,1,228.458,489760,true
escala_4000,4000,4000,paralela,4,1,96.718,489760,true
escala_4000,4000,4000,sequencial,1,2,235.137,489760,true
escala_4000,4000,4000,paralela,4,2,89.979,489760,true
escala_4000,4000,4000,sequencial,1,3,228.018,489760,true
escala_4000,4000,4000,paralela,4,3,93.792,489760,true
escala_4000,4000,4000,sequencial,1,4,237.701,489760,true
escala_4000,4000,4000,paralela,4,4,108.566,489760,true
escala_4000,4000,4000,sequencial,1,5,229.118,489760,true
escala_4000,4000,4000,paralela,4,5,98.443,489760,true
